name,position,team,birthdate,school,height,weight,image,season,season_type,games_played,rushing_yards_avg,rushing_yards,carries,long_rush,rushing_tds,receptions,receiving_tds,long_rec,targets,receiving_yards,receiving_yards_avg,pass_attempts,passing_tds,passing_yards,interceptions,pass_completions,passing_yards_avg,qbr,rating,fg_made,fg_attempts,xp_made,xp_attempts,long_fg,fumbles,fumbles_lost,fumbles_recovered,def_td,defensive_interceptions,defensive_fumbles_recovered,defensive_sacks,pts_allowed_per_game,rushing_yards_allowed_per_game,passing_yards_allowed_per_game,total_yards_allowed_per_game,standard,half_ppr,ppr
Baltimore Ravens,DEF,BAL,1920-09-17,,,0,https://a.espncdn.com/combiner/i?img=/i/teamlogos/nfl/500/bal.png,2024,regular_season,17,0,0,0,0,0,0,0,0,0,0,0,0,0,0,0,0,0,0,0,0,0,0,0,0,0,0,0,3,12,17,54,21.23529412,80.05882353,244.1176471,324.1764706,0,0,0
Justin Tucker,K,BAL,1989-11-21,Texas,"6'1""",191,https://a.espncdn.com/i/headshots/nfl/players/full/15683.png,2024,regular_season,17,0,0,0,0,0,1,0,15,1,15,0.8823529412,0,0,0,0,0,0,0,0,22,30,60,62,56,0,0,0,0,0,0,0,0,0,0,0,117.5,118,118.5
Lamar Jackson,QB,BAL,1997-01-07,Louisville,"6'2""",205,https://a.espncdn.com/i/headshots/nfl/players/full/3916387.png,2024,regular_season,17,7.229411765,915,139,48,4,0,0,0,0,0,0,474,41,4172,4,316,9.347058824,75.44117647,120.1058824,0,0,0,0,0,10,5,5,0,0,0,0,0,0,0,0,439.38,439.38,439.38
Derrick Henry,RB,BAL,1994-01-04,Alabama,"6'2""",247,https://a.espncdn.com/i/headshots/nfl/players/full/3043078.png,2024,regular_season,17,5.876470588,1921,325,87,16,19,2,27,22,193,7.823529412,0,0,0,0,0,0,0,0,0,0,0,0,0,3,1,0,0,0,0,0,0,0,0,0,318.4,327.9,337.4
Justice Hill,RB,BAL,1997-11-14,Oklahoma State,"5'10""",195,https://a.espncdn.com/i/headshots/nfl/players/full/4038441.png,2024,regular_season,15,4.74,228,47,51,1,42,3,27,51,383,7.78,0,0,0,0,0,0,0,0,0,0,0,0,0,0,0,0,0,0,0,0,0,0,0,0,85.1,106.1,127.1
Isaiah Likely,TE,BAL,2000-04-18,Coastal Carolina,"6'4""",247,https://a.espncdn.com/i/headshots/nfl/players/full/4361050.png,2024,regular_season,16,0,0,0,0,0,42,6,49,58,477,9.98125,0,0,0,0,0,0,0,0,0,0,0,0,0,1,1,0,0,0,0,0,0,0,0,0,82.7,103.7,124.7
Mark Andrews,TE,BAL,1995-09-06,Oklahoma,"6'5""",250,https://a.espncdn.com/i/headshots/nfl/players/full/3116365.png,2024,regular_season,17,0.2941176471,5,4,2,0,55,11,67,69,673,11.6,0,0,0,0,0,0,0,0,0,0,0,0,0,0,0,0,0,0,0,0,0,0,0,0,133.8,161.3,188.8
Rashod Bateman,WR,BAL,1999-11-29,Minnesota,"6'1""",195,https://a.espncdn.com/i/headshots/nfl/players/full/4360939.png,2024,regular_season,17,0,0,0,0,0,45,9,59,72,756,16.72941176,0,0,0,0,0,0,0,0,0,0,0,0,0,0,0,0,0,0,0,0,0,0,0,0,129.6,152.1,174.6
Nelson Agholor,WR,BAL,1993-05-24,USC,"6'0""",200,https://a.espncdn.com/i/headshots/nfl/players/full/2971618.png,2024,regular_season,14,0,0,0,0,0,15,2,56,30,248,15.64285714,0,0,0,0,0,0,0,0,0,0,0,0,0,0,0,0,0,0,0,0,0,0,0,0,36.8,44.3,51.8
Tylan Wallace,WR,BAL,1999-05-13,Oklahoma State,"5'11""",202,https://a.espncdn.com/i/headshots/nfl/players/full/4241424.png,2024,regular_season,17,0,0,0,0,0,11,1,84,12,193,5.517647059,0,0,0,0,0,0,0,0,0,0,0,0,0,1,0,1,0,0,0,0,0,0,0,0,25.3,30.8,36.3
Zay Flowers,WR,BAL,2000-09-11,Boston College,"5'9""",175,https://a.espncdn.com/i/headshots/nfl/players/full/4429615.png,2024,regular_season,17,2.882352941,56,10,19,0,74,4,53,116,1059,14.15882353,0,0,0,0,0,0,0,0,0,0,0,0,0,0,0,0,0,0,0,0,0,0,0,0,135.5,172.5,209.5
Buffalo Bills,DEF,BUF,1920-09-17,,,0,https://a.espncdn.com/combiner/i?img=/i/teamlogos/nfl/500/buf.png,2024,regular_season,17,0,0,0,0,0,0,0,0,0,0,0,0,0,0,0,0,0,0,0,0,0,0,0,0,0,0,0,3,16,22,36,21.64705882,110.9411765,212.4117647,323.3529412,0,0,0
Tyler Bass,K,BUF,1997-02-14,Georgia Southern,"5'10""",183,https://a.espncdn.com/i/headshots/nfl/players/full/3917232.png,2024,regular_season,17,0,0,0,0,0,0,0,0,0,0,0,0,0,0,0,0,0,0,0,24,29,59,64,61,0,0,0,0,0,0,0,0,0,0,0,121,121,121
Josh Allen,QB,BUF,1996-05-21,Wyoming,"6'5""",237,https://a.espncdn.com/i/headshots/nfl/players/full/3918298.png,2024,regular_season,16,4.9625,531,102,30,12,0,1,7,0,7,0,483,28,3731,6,307,7.7625,71.3125,103.5125,0,0,0,0,0,5,2,1,0,0,0,0,0,0,0,0,387.04,387.04,387.04
Ray Davis,RB,BUF,1999-11-11,Kentucky,"5'8""",220,https://a.espncdn.com/i/headshots/nfl/players/full/4429501.png,2024,regular_season,17,3.252941176,442,113,23,3,17,3,63,19,189,6.458823529,0,0,0,0,0,0,0,0,0,0,0,0,0,0,0,0,0,0,0,0,0,0,0,0,99.1,107.6,116.1
James Cook,RB,BUF,1999-09-25,Georgia,"5'11""",190,https://a.espncdn.com/i/headshots/nfl/players/full/4379399.png,2024,regular_season,16,4.78125,1009,207,65,16,32,2,28,38,258,8.13125,0,0,0,0,0,0,0,0,0,0,0,0,0,1,0,0,0,0,0,0,0,0,0,0,234.7,250.7,266.7
Ty Johnson,RB,BUF,1997-09-17,Maryland,"5'10""",210,https://a.espncdn.com/i/headshots/nfl/players/full/3915411.png,2024,regular_season,17,3.641176471,213,41,19,1,18,3,41,26,284,7.370588235,0,0,0,0,0,0,0,0,0,0,0,0,0,0,0,1,0,0,0,0,0,0,0,0,73.7,82.7,91.7
Dalton Kincaid,TE,BUF,1999-10-18,Utah,"6'4""",240,https://a.espncdn.com/i/headshots/nfl/players/full/4385690.png,2024,regular_season,13,0,0,0,0,0,44,2,29,75,448,10.93076923,0,0,0,0,0,0,0,0,0,0,0,0,0,1,0,0,0,0,0,0,0,0,0,0,56.8,78.8,100.8
Dawson Knox,TE,BUF,1996-11-14,Ole Miss,"6'4""",254,https://a.espncdn.com/i/headshots/nfl/players/full/3930086.png,2024,regular_season,16,0,0,0,0,0,22,1,39,33,311,11,0,0,0,0,0,0,0,0,0,0,0,0,0,0,0,0,0,0,0,0,0,0,0,0,37.1,48.1,59.1
Mack Hollins,WR,BUF,1993-09-16,North Carolina,"6'4""",221,https://a.espncdn.com/i/headshots/nfl/players/full/2991662.png,2024,regular_season,17,0,0,0,0,0,31,5,44,50,378,9.505882353,0,0,0,0,0,0,0,0,0,0,0,0,0,0,0,1,0,0,0,0,0,0,0,0,67.8,83.3,98.8
Amari Cooper,WR,BUF,1994-06-18,Alabama,"6'1""",210,https://a.espncdn.com/i/headshots/nfl/players/full/2976499.png,2024,regular_season,14,0,0,0,0,0,44,4,30,85,547,10.98571429,0,0,0,0,0,0,0,0,0,0,0,0,0,0,0,0,0,0,0,0,0,0,0,0,78.7,100.7,122.7
Keon Coleman,WR,BUF,2003-05-17,Florida State,"6'4""",215,https://a.espncdn.com/i/headshots/nfl/players/full/4635008.png,2024,regular_season,13,0.6923076923,9,1,9,0,29,4,64,57,556,21.79230769,0,0,0,0,0,0,0,0,0,0,0,0,0,0,0,0,0,0,0,0,0,0,0,0,82.5,97,111.5
Curtis Samuel,WR,BUF,1996-08-11,Ohio State,"5'11""",195,https://a.espncdn.com/i/headshots/nfl/players/full/3121427.png,2024,regular_season,14,1,14,5,7,0,31,1,38,46,253,5.2,0,0,0,0,0,0,0,0,0,0,0,0,0,0,0,0,0,0,0,0,0,0,0,0,32.7,48.2,63.7
Khalil Shakir,WR,BUF,2000-02-03,Boise State,"6'0""",190,https://a.espncdn.com/i/headshots/nfl/players/full/4373678.png,2024,regular_season,15,0.2666666667,4,2,2,0,76,4,52,100,821,10.95333333,0,0,0,0,0,0,0,0,0,0,0,0,0,1,0,1,0,0,0,0,0,0,0,0,106.5,144.5,182.5
Denver Broncos,DEF,DEN,1920-09-17,,,0,https://a.espncdn.com/combiner/i?img=/i/teamlogos/nfl/500/den.png,2024,regular_season,17,0,0,0,0,0,0,0,0,0,0,0,0,0,0,0,0,0,0,0,0,0,0,0,0,0,0,0,6,15,15,58,18.29411765,94.82352941,216.5294118,311.3529412,0,0,0
Wil Lutz,K,DEN,1994-07-07,Georgia State,"5'11""",184,https://a.espncdn.com/i/headshots/nfl/players/full/2985659.png,2024,regular_season,17,0,0,0,0,0,0,0,0,0,0,0,0,0,0,0,0,0,0,0,31,34,46,46,55,0,0,0,0,0,0,0,0,0,0,0,136,136,136
Bo Nix,QB,DEN,2000-02-25,Oregon,"6'2""",217,https://a.espncdn.com/i/headshots/nfl/players/full/4426338.png,2024,regular_season,17,4.358823529,430,92,32,4,1,1,2,1,2,0.1176470588,567,29,3775,12,376,6.688235294,54.0375,93.11764706,0,0,0,0,0,3,0,2,0,0,0,0,0,0,0,0,328.2,328.7,329.2
Jaleel McLaughlin,RB,DEN,2000-09-13,Youngstown State,"5'7""",187,https://a.espncdn.com/i/headshots/nfl/players/full/4722893.png,2024,regular_season,16,4.35625,496,113,21,1,24,2,11,27,76,2.58125,0,0,0,0,0,0,0,0,0,0,0,0,0,1,1,0,0,0,0,0,0,0,0,0,74.2,86.2,98.2
Javonte Williams,RB,DEN,2000-04-25,North Carolina,"5'10""",220,https://a.espncdn.com/i/headshots/nfl/players/full/4361579.png,2024,regular_season,17,3.188235294,513,139,20,4,52,0,34,70,346,6.129411765,0,0,0,0,0,0,0,0,0,0,0,0,0,2,2,0,0,0,0,0,0,0,0,0,107.9,133.9,159.9
Audric Estime,RB,DEN,2003-09-06,Notre Dame,"5'11""",227,https://a.espncdn.com/i/headshots/nfl/players/full/4569682.png,2024,regular_season,13,4.553846154,310,76,21,2,5,0,13,5,27,1.615384615,0,0,0,0,0,0,0,0,0,0,0,0,0,2,1,0,0,0,0,0,0,0,0,0,44.7,47.2,49.7
Adam Trautman,TE,DEN,1997-02-05,Dayton,"6'5""",253,https://a.espncdn.com/i/headshots/nfl/players/full/3911853.png,2024,regular_season,16,0,0,0,0,0,13,2,37,22,188,7.14375,0,0,0,0,0,0,0,0,0,0,0,0,0,0,0,1,0,0,0,0,0,0,0,0,30.8,37.3,43.8
Lucas Krull,TE,DEN,1998-07-11,Pittsburgh,"6'6""",260,https://a.espncdn.com/i/headshots/nfl/players/full/4360231.png,2024,regular_season,12,0,0,0,0,0,19,0,23,23,152,5.475,0,0,0,0,0,0,0,0,0,0,0,0,0,0,0,0,0,0,0,0,0,0,0,0,15.2,24.7,34.2
Courtland Sutton,WR,DEN,1995-10-10,SMU,"6'4""",216,https://a.espncdn.com/i/headshots/nfl/players/full/3128429.png,2024,regular_season,17,0,0,0,0,0,81,8,47,135,1081,13.38823529,2,1,30,0,2,1.764705882,11.76470588,13.97647059,0,0,0,0,0,1,1,0,0,0,0,0,0,0,0,0,160.3,200.8,241.3
Lil'Jordan Humphrey,WR,DEN,1998-04-19,Texas,"6'4""",225,https://a.espncdn.com/i/headshots/nfl/players/full/4039057.png,2024,regular_season,17,0,0,0,0,0,31,1,41,45,293,6.305882353,0,0,0,0,0,0,0,0,0,0,0,0,0,2,1,1,0,0,0,0,0,0,0,0,34.3,49.8,65.3
Devaughn Vele,WR,DEN,1997-12-12,Utah,"6'5""",210,https://a.espncdn.com/i/headshots/nfl/players/full/4569559.png,2024,regular_season,13,0,0,0,0,0,41,3,37,55,475,11.63846154,0,0,0,0,0,0,0,0,0,0,0,0,0,0,0,0,0,0,0,0,0,0,0,0,65.5,86,106.5
Marvin Mims Jr.,WR,DEN,2002-03-19,Oklahoma,"5'11""",182,https://a.espncdn.com/i/headshots/nfl/players/full/4686472.png,2024,regular_season,17,1.705882353,42,13,17,0,39,6,93,52,503,10.19411765,0,0,0,0,0,0,0,0,0,0,0,0,0,1,0,1,0,0,0,0,0,0,0,0,90.5,110,129.5
Detroit Lions,DEF,DET,1920-09-17,,,0,https://a.espncdn.com/combiner/i?img=/i/teamlogos/nfl/500/det.png,2024,regular_season,17,0,0,0,0,0,0,0,0,0,0,0,0,0,0,0,0,0,0,0,0,0,0,0,0,0,0,0,2,16,16,35,20.11764706,91.29411765,235.6470588,326.9411765,0,0,0
Jake Bates,K,DET,1999-03-03,Arkansas,"5'10""",202,https://a.espncdn.com/i/headshots/nfl/players/full/4689936.png,2024,regular_season,17,0,0,0,0,0,0,0,0,0,0,0,0,0,0,0,0,0,0,0,26,29,64,67,58,0,0,0,0,0,0,0,0,0,0,0,136,136,136
Jared Goff,QB,DET,1994-10-14,California,"6'4""",217,https://a.espncdn.com/i/headshots/nfl/players/full/3046779.png,2024,regular_season,17,1.476470588,56,35,10,0,1,1,7,1,7,0.4117647059,539,37,4629,12,390,8.958823529,63.2375,114.0823529,0,0,0,0,0,7,1,2,0,0,0,0,0,0,0,0,334.46,334.96,335.46
Craig Reynolds,RB,DET,1996-06-15,Kutztown,"5'11""",216,https://a.espncdn.com/i/headshots/nfl/players/full/4421446.png,2024,regular_season,17,2.047058824,139,31,19,0,3,0,26,5,40,1.323529412,0,0,0,0,0,0,0,0,0,0,0,0,0,1,0,1,0,0,0,0,0,0,0,0,17.9,19.4,20.9
David Montgomery,RB,DET,1997-06-07,Iowa State,"5'11""",224,https://a.espncdn.com/i/headshots/nfl/players/full/4035538.png,2024,regular_season,14,3.964285714,775,185,21,12,36,0,40,38,341,10.80714286,1,1,3,0,1,0.2142857143,7.142857143,8.485714286,0,0,0,0,0,2,1,2,0,0,0,0,0,0,0,0,186.72,204.72,222.72
Jahmyr Gibbs,RB,DET,2002-03-20,Alabama,"5'9""",200,https://a.espncdn.com/i/headshots/nfl/players/full/4429795.png,2024,regular_season,17,5.841176471,1412,250,70,16,52,4,54,63,517,10.79411765,0,0,0,0,0,0,0,0,0,0,0,0,0,1,1,0,0,0,0,0,0,0,0,0,311.9,337.9,363.9
Sam LaPorta,TE,DET,2001-01-12,Iowa,"6'3""",245,https://a.espncdn.com/i/headshots/nfl/players/full/4430027.png,2024,regular_season,16,0,0,0,0,0,60,7,52,83,726,14.725,0,0,0,0,0,0,0,0,0,0,0,0,0,0,0,0,0,0,0,0,0,0,0,0,114.6,144.6,174.6
Jameson Williams,WR,DET,2001-03-26,Alabama,"6'1""",180,https://a.espncdn.com/i/headshots/nfl/players/full/4426388.png,2024,regular_season,15,3.533333333,61,11,15,1,58,7,82,91,1001,17.02666667,0,0,0,0,0,0,0,0,0,0,0,0,0,0,0,0,0,0,0,0,0,0,0,0,154.2,183.2,212.2
Amon-Ra St. Brown,WR,DET,1999-10-24,USC,"6'0""",202,https://a.espncdn.com/i/headshots/nfl/players/full/4374302.png,2024,regular_season,17,0.3529411765,6,2,10,0,115,12,66,141,1263,10.11764706,1,1,7,0,1,0.4117647059,5.852941176,7.964705882,0,0,0,0,0,1,1,0,0,0,0,0,0,0,0,0,202.18,259.68,317.18
Tim Patrick,WR,DET,1993-11-23,Utah,"6'5""",210,https://a.espncdn.com/i/headshots/nfl/players/full/3134353.png,2024,regular_season,16,0,0,0,0,0,33,3,42,44,394,9.36875,0,0,0,0,0,0,0,0,0,0,0,0,0,0,0,0,0,0,0,0,0,0,0,0,57.4,73.9,90.4
Kalif Raymond,WR,DET,1994-08-08,Holy Cross,"5'8""",180,https://a.espncdn.com/i/headshots/nfl/players/full/2973405.png,2024,regular_season,12,0,0,2,12,0,17,2,38,22,215,7.858333333,0,0,0,0,0,0,0,0,0,0,0,0,0,0,0,0,0,0,0,0,0,0,0,0,39.5,48,56.5
Green Bay Packers,DEF,GB,1920-09-17,,,0,https://a.espncdn.com/combiner/i?img=/i/teamlogos/nfl/500/gb.png,2024,regular_season,17,0,0,0,0,0,0,0,0,0,0,0,0,0,0,0,0,0,0,0,0,0,0,0,0,0,0,0,1,16,19,44,19.88235294,94.47058824,206.8823529,301.3529412,0,0,0
Brandon McManus,K,GB,1991-07-25,Temple,"6'3""",201,https://a.espncdn.com/i/headshots/nfl/players/full/16339.png,2024,regular_season,11,0,0,0,0,0,0,0,0,0,0,0,0,0,0,0,0,0,0,0,20,21,30,30,55,0,0,0,0,0,0,0,0,0,0,0,89,89,89
Jordan Love,QB,GB,1998-11-02,Utah State,"6'4""",219,https://a.espncdn.com/i/headshots/nfl/players/full/4036378.png,2024,regular_season,15,2.346666667,83,25,14,1,0,0,0,0,0,0,425,25,3389,11,268,8.246666667,67.4,97.34666667,0,0,0,0,0,4,0,2,0,0,0,0,0,0,0,0,244.86,244.86,244.86
Malik Willis,QB,GB,1999-05-25,Liberty,"6'1""",225,https://a.espncdn.com/i/headshots/nfl/players/full/4242512.png,2024,regular_season,7,3.871428571,138,20,29,1,0,0,0,0,0,0,54,3,550,0,40,8.285714286,59.26666667,92.25714286,0,0,0,0,0,1,1,0,0,0,0,0,0,0,0,0,52.8,52.8,52.8
Josh Jacobs,RB,GB,1998-02-11,Alabama,"5'10""",223,https://a.espncdn.com/i/headshots/nfl/players/full/4047365.png,2024,regular_season,17,4.664705882,1329,301,38,15,36,1,49,43,342,6.752941176,0,0,0,0,0,0,0,0,0,0,0,0,0,4,3,0,0,0,0,0,0,0,0,0,260.1,278.1,296.1
Emanuel Wilson,RB,GB,1999-05-08,Fort Valley State,"5'10""",226,https://a.espncdn.com/i/headshots/nfl/players/full/4887558.png,2024,regular_season,17,5.347058824,502,103,21,4,14,1,30,17,83,3.852941176,0,0,0,0,0,0,0,0,0,0,0,0,0,0,0,1,0,0,0,0,0,0,0,0,88.5,95.5,102.5
Luke Musgrave,TE,GB,2000-09-02,Oregon State,"6'6""",253,https://a.espncdn.com/i/headshots/nfl/players/full/4428085.png,2024,regular_season,7,0,0,0,0,0,7,0,19,10,45,5.185714286,0,0,0,0,0,0,0,0,0,0,0,0,0,0,0,0,0,0,0,0,0,0,0,0,4.5,8,11.5
Tucker Kraft,TE,GB,2000-11-03,South Dakota State,"6'5""",259,https://a.espncdn.com/i/headshots/nfl/players/full/4572680.png,2024,regular_season,17,0.3529411765,6,3,2,0,50,7,67,70,707,13.79411765,0,0,0,0,0,0,0,0,0,0,0,0,0,1,1,0,0,0,0,0,0,0,0,0,114.3,139.3,164.3
Malik Heath,WR,GB,2000-03-31,Ole Miss,"6'2""",213,https://a.espncdn.com/i/headshots/nfl/players/full/4689334.png,2024,regular_season,13,0,0,0,0,0,10,2,41,13,97,3.169230769,0,0,0,0,0,0,0,0,0,0,0,0,0,0,0,0,0,0,0,0,0,0,0,0,21.7,26.7,31.7
Dontayvion Wicks,WR,GB,2001-06-16,Virginia,"6'1""",206,https://a.espncdn.com/i/headshots/nfl/players/full/4428850.png,2024,regular_season,17,0,0,0,0,0,39,5,36,76,415,8.323529412,0,0,0,0,0,0,0,0,0,0,0,0,0,0,0,0,0,0,0,0,0,0,0,0,71.5,91,110.5
Bo Melton,WR,GB,1999-05-18,Rutgers,"5'11""",189,https://a.espncdn.com/i/headshots/nfl/players/full/4259305.png,2024,regular_season,17,2.147058824,54,8,16,0,8,0,28,17,91,4.647058824,0,0,0,0,0,0,0,0,0,0,0,0,0,0,0,2,0,0,0,0,0,0,0,0,14.5,18.5,22.5
Jayden Reed,WR,GB,2000-04-28,Michigan State,"5'11""",187,https://a.espncdn.com/i/headshots/nfl/players/full/4362249.png,2024,regular_season,17,6.205882353,163,20,33,1,55,6,70,75,857,14.17647059,0,0,0,0,0,0,0,0,0,0,0,0,0,3,1,1,0,0,0,0,0,0,0,0,143,170.5,198
Romeo Doubs,WR,GB,2000-04-13,Nevada,"6'2""",204,https://a.espncdn.com/i/headshots/nfl/players/full/4361432.png,2024,regular_season,13,0,0,0,0,0,46,4,39,72,601,14.36153846,0,0,0,0,0,0,0,0,0,0,0,0,0,0,0,0,0,0,0,0,0,0,0,0,86.1,109.1,132.1
Houston Texans,DEF,HOU,1920-09-17,,,0,https://a.espncdn.com/combiner/i?img=/i/teamlogos/nfl/500/hou.png,2024,regular_season,17,0,0,0,0,0,0,0,0,0,0,0,0,0,0,0,0,0,0,0,0,0,0,0,0,0,0,0,2,19,11,47,21.88235294,109,187.5294118,296.5294118,0,0,0
Ka'imi Fairbairn,K,HOU,1994-01-29,UCLA,"6'0""",183,https://a.espncdn.com/i/headshots/nfl/players/full/2971573.png,2024,regular_season,17,0,0,0,0,0,0,0,0,0,0,0,0,0,0,0,0,0,0,0,36,42,34,36,59,0,0,0,0,0,0,0,0,0,0,0,134,134,134
C.J. Stroud,QB,HOU,2001-10-03,Ohio State,"6'3""",218,https://a.espncdn.com/i/headshots/nfl/players/full/4432577.png,2024,regular_season,17,3.811764706,233,52,25,0,0,0,0,1,0,0,532,20,3727,12,336,6.935294118,48.38125,88.31764706,0,0,0,0,0,6,4,1,0,0,0,0,0,0,0,0,236.38,236.38,236.38
Dare Ogunbowale,RB,HOU,1994-05-04,Wisconsin,"5'10""",205,https://a.espncdn.com/i/headshots/nfl/players/full/2983509.png,2024,regular_season,17,4.147058824,112,30,35,0,19,1,31,28,198,4.605882353,0,0,0,0,0,0,0,0,0,0,0,0,0,0,0,0,0,0,0,0,0,0,0,0,37,46.5,56
Joe Mixon,RB,HOU,1996-07-24,Oklahoma,"6'1""",220,https://a.espncdn.com/i/headshots/nfl/players/full/3116385.png,2024,regular_season,14,4.035714286,1016,245,59,11,36,1,37,52,309,9.092857143,1,0,0,0,0,0,0.09285714286,2.828571429,0,0,0,0,0,0,0,0,0,0,0,0,0,0,0,0,204.5,222.5,240.5
Dameon Pierce,RB,HOU,2000-02-19,Florida,"5'10""",215,https://a.espncdn.com/i/headshots/nfl/players/full/4360238.png,2024,regular_season,11,3.427272727,293,40,92,2,2,0,1,4,2,0.1818181818,0,0,0,0,0,0,0,0,0,0,0,0,0,1,0,1,0,0,0,0,0,0,0,0,41.5,42.5,43.5
Dalton Schultz,TE,HOU,1996-07-11,Stanford,"6'5""",242,https://a.espncdn.com/i/headshots/nfl/players/full/3117256.png,2024,regular_season,17,0,0,0,0,0,53,2,32,85,532,10.72941176,0,0,0,0,0,0,0,0,0,0,0,0,0,0,0,0,0,0,0,0,0,0,0,0,65.2,91.7,118.2
Xavier Hutchinson,WR,HOU,2000-06-01,Iowa State,"6'3""",210,https://a.espncdn.com/i/headshots/nfl/players/full/4686422.png,2024,regular_season,16,0,0,0,0,0,12,0,19,26,117,5.5,0,0,0,0,0,0,0,0,0,0,0,0,0,0,0,0,0,0,0,0,0,0,0,0,11.7,17.7,23.7
John Metchie III,WR,HOU,2000-07-18,Alabama,"6'0""",195,https://a.espncdn.com/i/headshots/nfl/players/full/4567096.png,2024,regular_season,13,0,0,0,0,0,24,1,28,37,254,6.661538462,0,0,0,0,0,0,0,0,0,0,0,0,0,1,0,0,0,0,0,0,0,0,0,0,31.4,43.4,55.4
Diontae Johnson,WR,HOU,1996-07-05,Toledo,"5'10""",183,https://a.espncdn.com/i/headshots/nfl/players/full/3932905.png,2024,regular_season,12,0.25,6,2,4,0,33,3,39,67,375,7.616666667,0,0,0,0,0,0,0,0,0,0,0,0,0,0,0,0,0,0,0,0,0,0,0,0,56.1,72.6,89.1
Robert Woods,WR,HOU,1992-04-10,USC,"6'0""",193,https://a.espncdn.com/i/headshots/nfl/players/full/15880.png,2024,regular_season,15,0,0,0,0,0,20,0,32,31,203,7.186666667,0,0,0,0,0,0,0,0,0,0,0,0,0,3,1,0,0,0,0,0,0,0,0,0,19.3,29.3,39.3
Nico Collins,WR,HOU,1999-03-19,Michigan,"6'4""",222,https://a.espncdn.com/i/headshots/nfl/players/full/4258173.png,2024,regular_season,12,0,0,0,0,0,68,7,67,99,1006,16.375,0,0,0,0,0,0,0,0,0,0,0,0,0,0,0,0,0,0,0,0,0,0,0,0,142.6,176.6,210.6
Tank Dell,WR,HOU,1999-10-29,Houston,"5'10""",165,https://a.espncdn.com/i/headshots/nfl/players/full/4366031.png,2024,regular_season,14,1.628571429,43,9,18,0,51,3,50,81,667,11.97857143,0,0,0,0,0,0,0,0,0,0,0,0,0,0,0,0,0,0,0,0,0,0,0,0,89,114.5,140
Kansas City Chiefs,DEF,KC,1920-09-17,,,0,https://a.espncdn.com/combiner/i?img=/i/teamlogos/nfl/500/kc.png,2024,regular_season,17,0,0,0,0,0,0,0,0,0,0,0,0,0,0,0,0,0,0,0,0,0,0,0,0,0,0,0,1,13,11,39,19.17647059,92.52941176,199.9411765,292.4705882,0,0,0
Harrison Butker,K,KC,1995-07-14,Georgia Tech,"6'4""",205,https://a.espncdn.com/i/headshots/nfl/players/full/3055899.png,2024,regular_season,13,0,0,0,0,0,0,0,0,0,0,0,0,0,0,0,0,0,0,0,21,25,29,31,53,0,0,0,0,0,0,0,0,0,0,0,86,86,86
Carson Wentz,QB,KC,1992-12-30,North Dakota State,"6'5""",237,https://a.espncdn.com/i/headshots/nfl/players/full/2573079.png,2024,regular_season,3,0,0,4,2,0,0,0,0,0,0,0,19,0,118,0,12,5.266666667,17.8,61.13333333,0,0,0,0,0,0,0,1,0,0,0,0,0,0,0,0,4.72,4.72,4.72
Patrick Mahomes,QB,KC,1995-09-17,Texas Tech,"6'2""",225,https://a.espncdn.com/i/headshots/nfl/players/full/3139477.png,2024,regular_season,16,5.1875,307,58,33,2,1,0,2,1,2,0.125,581,26,3928,11,392,6.80625,66.03125,92.34375,0,0,0,0,0,2,0,1,0,0,0,0,0,0,0,0,299.02,299.52,300.02
Isiah Pacheco,RB,KC,1999-03-02,Rutgers,"5'10""",216,https://a.espncdn.com/i/headshots/nfl/players/full/4361529.png,2024,regular_season,7,3.757142857,310,83,34,1,12,0,23,16,79,6.1,0,0,0,0,0,0,0,0,0,0,0,0,0,0,0,0,0,0,0,0,0,0,0,0,44.9,50.9,56.9
Kareem Hunt,RB,KC,1995-08-06,Toledo,"5'10""",216,https://a.espncdn.com/i/headshots/nfl/players/full/3059915.png,2024,regular_season,13,3.538461538,728,200,20,7,23,0,26,32,176,6.546153846,0,0,0,0,0,0,0,0,0,0,0,0,0,0,0,0,0,0,0,0,0,0,0,0,132.4,143.9,155.4
Samaje Perine,RB,KC,1995-09-16,Oklahoma,"5'10""",236,https://a.espncdn.com/i/headshots/nfl/players/full/3116389.png,2024,regular_season,17,3.088235294,92,20,13,1,28,1,36,35,322,12.17647059,0,0,0,0,0,0,0,0,0,0,0,0,0,0,0,2,0,0,0,0,0,0,0,0,53.4,67.4,81.4
Noah Gray,TE,KC,1999-04-30,Duke,"6'3""",240,https://a.espncdn.com/i/headshots/nfl/players/full/4240472.png,2024,regular_season,17,-0.2352941176,-4,1,0,0,40,5,35,49,437,9.047058824,0,0,0,0,0,0,0,0,0,0,0,0,0,0,0,0,0,0,0,0,0,0,0,0,73.3,93.3,113.3
Travis Kelce,TE,KC,1989-10-05,Cincinnati,"6'5""",250,https://a.espncdn.com/i/headshots/nfl/players/full/15847.png,2024,regular_season,16,0.0625,1,1,1,0,97,3,38,133,823,8.0625,0,0,0,0,0,0,0,0,0,0,0,0,0,2,1,0,0,0,0,0,0,0,0,0,99.4,147.9,196.4
Justin Watson,WR,KC,1996-04-04,Pennsylvania,"6'2""",215,https://a.espncdn.com/i/headshots/nfl/players/full/3118892.png,2024,regular_season,17,0,0,0,0,0,22,2,49,33,289,9.870588235,0,0,0,0,0,0,0,0,0,0,0,0,0,0,0,0,0,0,0,0,0,0,0,0,40.9,51.9,62.9
Rashee Rice,WR,KC,2000-04-22,SMU,"6'1""",204,https://a.espncdn.com/i/headshots/nfl/players/full/4428331.png,2024,regular_season,4,0.25,1,1,1,0,24,2,44,29,288,9.725,0,0,0,0,0,0,0,0,0,0,0,0,0,0,0,0,0,0,0,0,0,0,0,0,40.9,52.9,64.9
Xavier Worthy,WR,KC,2003-04-27,Texas,"5'11""",165,https://a.espncdn.com/i/headshots/nfl/players/full/4683062.png,2024,regular_season,17,4.035294118,104,20,21,3,59,6,54,98,638,10.14117647,0,0,0,0,0,0,0,0,0,0,0,0,0,0,0,1,0,0,0,0,0,0,0,0,128.2,157.7,187.2
DeAndre Hopkins,WR,KC,1992-06-06,Clemson,"6'1""",218,https://a.espncdn.com/i/headshots/nfl/players/full/15795.png,2024,regular_season,16,0,0,0,0,0,56,5,35,80,610,10.16875,0,0,0,0,0,0,0,0,0,0,0,0,0,1,0,0,0,0,0,0,0,0,0,0,91,119,147
Mecole Hardman,WR,KC,1998-03-12,Georgia,"5'10""",187,https://a.espncdn.com/i/headshots/nfl/players/full/4035004.png,2024,regular_season,12,2.958333333,62,5,20,1,12,0,17,15,90,4,0,0,0,0,0,0,0,0,0,0,0,0,0,0,0,0,0,0,0,0,0,0,0,0,21.2,27.2,33.2
Hollywood Brown,WR,KC,1997-06-04,Oklahoma,"5'9""",180,https://a.espncdn.com/i/headshots/nfl/players/full/4241372.png,2024,regular_season,2,0,0,0,0,0,9,0,20,15,91,10.25,0,0,0,0,0,0,0,0,0,0,0,0,0,0,0,0,0,0,0,0,0,0,0,0,9.1,13.6,18.1
JuJu Smith-Schuster,WR,KC,1996-11-22,USC,"6'1""",215,https://a.espncdn.com/i/headshots/nfl/players/full/3120348.png,2024,regular_season,14,0,0,0,0,0,18,2,50,26,231,6.185714286,0,0,0,0,0,0,0,0,0,0,0,0,0,0,0,0,0,0,0,0,0,0,0,0,35.1,44.1,53.1
Los Angeles Chargers,DEF,LAC,1920-09-17,,,0,https://a.espncdn.com/combiner/i?img=/i/teamlogos/nfl/500/lac.png,2024,regular_season,17,0,0,0,0,0,0,0,0,0,0,0,0,0,0,0,0,0,0,0,0,0,0,0,0,0,0,0,1,14,16,46,17.70588235,115.1764706,193.6470588,308.8235294,0,0,0
Cameron Dicker,K,LAC,2000-05-06,Texas,"6'1""",216,https://a.espncdn.com/i/headshots/nfl/players/full/4362081.png,2024,regular_season,17,0,0,0,0,0,0,0,0,0,0,0,0,0,0,0,0,0,0,0,39,42,33,36,59,0,0,0,0,0,0,0,0,0,0,0,144,144,144
Justin Herbert,QB,LAC,1998-03-10,Oregon,"6'6""",236,https://a.espncdn.com/i/headshots/nfl/players/full/4038941.png,2024,regular_season,17,3.947058824,306,69,41,2,0,0,0,0,0,0,504,23,3870,3,332,7.623529412,60.025,102.0882353,0,0,0,0,0,6,2,3,0,0,0,0,0,0,0,0,290.4,290.4,290.4
J.K. Dobbins,RB,LAC,1998-12-17,Ohio State,"5'10""",215,https://a.espncdn.com/i/headshots/nfl/players/full/4241985.png,2024,regular_season,13,5.015384615,905,195,61,9,32,0,15,38,153,4.7,0,0,0,0,0,0,0,0,0,0,0,0,0,0,0,0,0,0,0,0,0,0,0,0,159.8,175.8,191.8
Kimani Vidal,RB,LAC,2001-08-28,Troy,"5'8""",215,https://a.espncdn.com/i/headshots/nfl/players/full/4430968.png,2024,regular_season,9,3.566666667,155,43,19,0,5,1,38,9,62,3.944444444,0,0,0,0,0,0,0,0,0,0,0,0,0,1,0,1,0,0,0,0,0,0,0,0,27.7,30.2,32.7
Gus Edwards,RB,LAC,1995-04-13,Rutgers,"6'1""",238,https://a.espncdn.com/i/headshots/nfl/players/full/3051926.png,2024,regular_season,11,3.618181818,365,101,43,4,3,0,3,5,6,0.5454545455,0,0,0,0,0,0,0,0,0,0,0,0,0,0,0,1,0,0,0,0,0,0,0,0,61.1,62.6,64.1
Hayden Hurst,TE,LAC,1993-08-24,South Carolina,"6'4""",245,https://a.espncdn.com/i/headshots/nfl/players/full/3924365.png,2024,regular_season,9,0,0,0,0,0,8,0,27,13,73,5.444444444,0,0,0,0,0,0,0,0,0,0,0,0,0,0,0,0,0,0,0,0,0,0,0,0,7.3,11.3,15.3
Stone Smartt,TE,LAC,1998-10-04,Old Dominion,"6'4""",226,https://a.espncdn.com/i/headshots/nfl/players/full/4250764.png,2024,regular_season,14,0,0,0,0,0,16,0,31,19,208,6.842857143,0,0,0,0,0,0,0,0,0,0,0,0,0,1,1,0,0,0,0,0,0,0,0,0,19.8,27.8,35.8
Will Dissly,TE,LAC,1996-07-08,Washington,"6'4""",265,https://a.espncdn.com/i/headshots/nfl/players/full/3127292.png,2024,regular_season,15,0,0,0,0,0,50,2,29,64,481,9.1,0,0,0,0,0,0,0,0,0,0,0,0,0,0,0,0,0,0,0,0,0,0,0,0,60.1,85.1,110.1
Ladd McConkey,WR,LAC,2001-11-11,Georgia,"6'0""",185,https://a.espncdn.com/i/headshots/nfl/players/full/4612826.png,2024,regular_season,16,0,0,0,0,0,82,7,60,112,1149,14.4,0,0,0,0,0,0,0,0,0,0,0,0,0,2,0,0,0,0,0,0,0,0,0,0,158.9,199.9,240.9
Derius Davis,WR,LAC,2000-09-11,TCU,"5'8""",165,https://a.espncdn.com/i/headshots/nfl/players/full/4362477.png,2024,regular_season,15,1.833333333,39,12,10,0,14,2,23,18,118,5.7,0,0,0,0,0,0,0,0,0,0,0,0,0,4,1,3,0,0,0,0,0,0,0,0,26.7,33.7,40.7
DJ Chark Jr.,WR,LAC,1996-09-23,LSU,"6'3""",200,https://a.espncdn.com/i/headshots/nfl/players/full/3115394.png,2024,regular_season,7,0,0,0,0,0,4,1,12,10,31,3.285714286,0,0,0,0,0,0,0,0,0,0,0,0,0,0,0,0,0,0,0,0,0,0,0,0,9.1,11.1,13.1
Joshua Palmer,WR,LAC,1999-09-22,Tennessee,"6'1""",210,https://a.espncdn.com/i/headshots/nfl/players/full/4242433.png,2024,regular_season,15,0,0,0,0,0,39,1,45,65,584,16.3,0,0,0,0,0,0,0,0,0,0,0,0,0,0,0,0,0,0,0,0,0,0,0,0,68.4,87.9,107.4
Quentin Johnston,WR,LAC,2001-09-06,TCU,"6'4""",215,https://a.espncdn.com/i/headshots/nfl/players/full/4429025.png,2024,regular_season,15,0.4,6,3,4,0,55,8,66,91,711,12.08,0,0,0,0,0,0,0,0,0,0,0,0,0,0,0,0,0,0,0,0,0,0,0,0,119.7,147.2,174.7
Los Angeles Rams,DEF,LAR,1920-09-17,,,0,https://a.espncdn.com/combiner/i?img=/i/teamlogos/nfl/500/lar.png,2024,regular_season,17,0,0,0,0,0,0,0,0,0,0,0,0,0,0,0,0,0,0,0,0,0,0,0,0,0,0,0,3,13,14,36,22.70588235,122.5882353,210.7647059,333.3529412,0,0,0
Joshua Karty,K,LAR,2002-03-07,Stanford,"6'2""",207,https://a.espncdn.com/i/headshots/nfl/players/full/4566192.png,2024,regular_season,17,0,0,0,0,0,0,0,0,0,0,0,0,0,0,0,0,0,0,0,29,34,32,36,58,0,0,0,0,0,0,0,0,0,0,0,110,110,110
Matthew Stafford,QB,LAR,1988-02-07,Georgia,"6'3""",214,https://a.espncdn.com/i/headshots/nfl/players/full/12483.png,2024,regular_season,16,1.15,41,30,15,0,0,0,0,0,0,0,517,20,3762,8,340,7.40625,61.0125,94.275,0,0,0,0,0,6,2,3,0,0,0,0,0,0,0,0,224.58,224.58,224.58
Blake Corum,RB,LAR,2000-11-25,Michigan,"5'8""",210,https://a.espncdn.com/i/headshots/nfl/players/full/4429096.png,2024,regular_season,17,2.617647059,207,58,12,0,7,0,12,8,58,2.970588235,0,0,0,0,0,0,0,0,0,0,0,0,0,0,0,0,0,0,0,0,0,0,0,0,26.5,30,33.5
Kyren Williams,RB,LAR,2000-08-26,Notre Dame,"5'9""",202,https://a.espncdn.com/i/headshots/nfl/players/full/4430737.png,2024,regular_season,16,4.15625,1299,316,30,14,34,2,26,40,182,5.575,0,0,0,0,0,0,0,0,0,0,0,0,0,5,3,0,0,0,0,0,0,0,0,0,241.1,258.1,275.1
Colby Parkinson,TE,LAR,1999-01-08,Stanford,"6'7""",265,https://a.espncdn.com/i/headshots/nfl/players/full/4242557.png,2024,regular_season,17,0,0,0,0,0,30,1,23,49,294,8.264705882,0,0,0,0,0,0,0,0,0,0,0,0,0,0,0,0,0,0,0,0,0,0,0,0,35.4,50.4,65.4
Tyler Higbee,TE,LAR,1993-01-01,Western Kentucky,"6'6""",255,https://a.espncdn.com/i/headshots/nfl/players/full/2573401.png,2024,regular_season,3,0,0,0,0,0,8,2,17,12,66,8.233333333,0,0,0,0,0,0,0,0,0,0,0,0,0,0,0,0,0,0,0,0,0,0,0,0,18.6,22.6,26.6
Tyler Johnson,WR,LAR,1998-08-25,Minnesota,"6'1""",208,https://a.espncdn.com/i/headshots/nfl/players/full/2310331.png,2024,regular_season,15,0,0,0,0,0,26,1,63,41,291,6.24,0,0,0,0,0,0,0,0,0,0,0,0,0,0,0,0,0,0,0,0,0,0,0,0,35.1,48.1,61.1
Jordan Whittington,WR,LAR,2000-10-01,Texas,"6'1""",202,https://a.espncdn.com/i/headshots/nfl/players/full/4569382.png,2024,regular_season,15,0.4,12,2,7,0,22,0,50,28,293,5.2,0,0,0,0,0,0,0,0,0,0,0,0,0,0,0,1,0,0,0,0,0,0,0,0,30.5,41.5,52.5
Puka Nacua,WR,LAR,2001-05-29,BYU,"6'2""",212,https://a.espncdn.com/i/headshots/nfl/players/full/4426515.png,2024,regular_season,11,2.290909091,46,11,9,1,79,3,51,106,990,12.26363636,0,0,0,0,0,0,0,0,0,0,0,0,0,0,0,0,0,0,0,0,0,0,0,0,127.6,167.1,206.6
Demarcus Robinson,WR,LAR,1994-09-21,Florida,"6'1""",202,https://a.espncdn.com/i/headshots/nfl/players/full/3043116.png,2024,regular_season,17,0,0,0,0,0,31,7,46,64,505,13.29411765,0,0,0,0,0,0,0,0,0,0,0,0,0,0,0,0,0,0,0,0,0,0,0,0,92.5,108,123.5
Tutu Atwell,WR,LAR,1999-10-07,Louisville,"5'9""",165,https://a.espncdn.com/i/headshots/nfl/players/full/4360797.png,2024,regular_season,17,0.4117647059,7,2,7,0,42,0,50,62,562,12.28823529,1,0,0,0,0,0,0.1,2.329411765,0,0,0,0,0,0,0,0,0,0,0,0,0,0,0,0,56.9,77.9,98.9
Cooper Kupp,WR,LAR,1993-06-15,Eastern Washington,"6'2""",207,https://a.espncdn.com/i/headshots/nfl/players/full/2977187.png,2024,regular_season,12,0.4166666667,10,2,9,0,67,6,69,100,710,11.21666667,0,0,0,0,0,0,0,0,0,0,0,0,0,1,0,1,0,0,0,0,0,0,0,0,108,141.5,175
Minnesota Vikings,DEF,MIN,1920-09-17,,,0,https://a.espncdn.com/combiner/i?img=/i/teamlogos/nfl/500/min.png,2024,regular_season,17,0,0,0,0,0,0,0,0,0,0,0,0,0,0,0,0,0,0,0,0,0,0,0,0,0,0,0,3,22,14,47,19.52941176,82.94117647,229.2941176,312.2352941,0,0,0
Will Reichard,K,MIN,2001-01-09,Alabama,"6'1""",187,https://a.espncdn.com/i/headshots/nfl/players/full/4567104.png,2024,regular_season,13,0,0,0,0,0,0,0,0,0,0,0,0,0,0,0,0,0,0,0,24,30,38,38,58,0,0,0,0,0,0,0,0,0,0,0,104,104,104
Sam Darnold,QB,MIN,1997-06-05,USC,"6'3""",225,https://a.espncdn.com/i/headshots/nfl/players/full/3912547.png,2024,regular_season,17,2.623529412,212,67,19,1,0,0,0,0,0,0,545,35,4319,12,361,8.123529412,64.01875,103.1411765,0,0,0,0,0,9,5,2,0,0,0,0,0,0,0,0,322.96,322.96,322.96
Cam Akers,RB,MIN,1999-06-22,Florida State,"5'10""",217,https://a.espncdn.com/i/headshots/nfl/players/full/4240021.png,2024,regular_season,17,3.923529412,444,104,58,2,14,3,9,18,68,2.764705882,0,0,0,0,0,0,0,0,0,0,0,0,0,1,1,0,0,0,0,0,0,0,0,0,80.2,87.2,94.2
Ty Chandler,RB,MIN,1998-05-12,North Carolina,"5'11""",204,https://a.espncdn.com/i/headshots/nfl/players/full/4242431.png,2024,regular_season,16,1.80625,182,56,25,0,6,0,10,6,42,1.3,0,0,0,0,0,0,0.08125,0,0,0,0,0,0,0,0,0,0,0,0,0,0,0,0,0,22.4,25.4,28.4
Aaron Jones,RB,MIN,1994-12-02,UTEP,"5'9""",208,https://a.espncdn.com/i/headshots/nfl/players/full/3042519.png,2024,regular_season,17,4.482352941,1138,255,41,5,51,2,25,62,408,8.705882353,0,0,0,0,0,0,0,0,0,0,0,0,0,5,3,0,0,0,0,0,0,0,0,0,193.6,219.1,244.6
Josh Oliver,TE,MIN,1997-03-21,San Jos√© State,"6'5""",259,https://a.espncdn.com/i/headshots/nfl/players/full/3921690.png,2024,regular_season,15,0,0,0,0,0,22,3,28,28,258,7.226666667,0,0,0,0,0,0,0,0,0,0,0,0,0,0,0,0,0,0,0,0,0,0,0,0,43.8,54.8,65.8
T.J. Hockenson,TE,MIN,1997-07-03,Iowa,"6'5""",248,https://a.espncdn.com/i/headshots/nfl/players/full/4036133.png,2024,regular_season,10,0,0,0,0,0,41,0,34,62,455,10.34,0,0,0,0,0,0,0,0,0,0,0,0,0,0,0,0,0,0,0,0,0,0,0,0,45.5,66,86.5
Jordan Addison,WR,MIN,2002-01-27,USC,"5'11""",175,https://a.espncdn.com/i/headshots/nfl/players/full/4429205.png,2024,regular_season,15,1.333333333,20,3,9,1,63,9,69,99,875,13.32,0,0,0,0,0,0,0,0,0,0,0,0,0,0,0,0,0,0,0,0,0,0,0,0,149.5,181,212.5
Justin Jefferson,WR,MIN,1999-06-16,LSU,"6'1""",195,https://a.espncdn.com/i/headshots/nfl/players/full/4262921.png,2024,regular_season,17,0.1764705882,3,1,3,0,103,10,97,154,1533,15.32941176,1,0,22,0,1,1.294117647,1.7,6.988235294,0,0,0,0,0,1,0,0,0,0,0,0,0,0,0,0,214.48,265.98,317.48
Jalen Nailor,WR,MIN,1999-03-02,Michigan State,"6'0""",190,https://a.espncdn.com/i/headshots/nfl/players/full/4382466.png,2024,regular_season,17,-0.2352941176,-4,3,3,0,28,6,33,42,414,11.30588235,0,0,0,0,0,0,0,0,0,0,0,0,0,1,1,0,0,0,0,0,0,0,0,0,76,90,104
Philadelphia Eagles,DEF,PHI,1920-09-17,,,0,https://a.espncdn.com/combiner/i?img=/i/teamlogos/nfl/500/phi.png,2024,regular_season,17,0,0,0,0,0,0,0,0,0,0,0,0,0,0,0,0,0,0,0,0,0,0,0,0,0,0,0,1,12,21,41,17.82352941,98.29411765,166.0588235,264.3529412,0,0,0
Jake Elliott,K,PHI,1995-01-21,Memphis,"5'9""",167,https://a.espncdn.com/i/headshots/nfl/players/full/3050478.png,2024,regular_season,17,0,0,0,0,0,0,0,0,0,0,0,0,0,0,0,0,0,0,0,28,36,47,48,50,0,0,0,0,0,0,0,0,0,0,0,122,122,122
Tanner McKee,QB,PHI,2000-04-27,Stanford,"6'6""",231,https://a.espncdn.com/i/headshots/nfl/players/full/4685201.png,2024,regular_season,2,-0.35,-1,5,2,0,0,0,0,0,0,0,45,4,323,0,30,10.05,96.8,128.4,0,0,0,0,0,0,0,1,0,0,0,0,0,0,0,0,28.82,28.82,28.82
Jalen Hurts,QB,PHI,1998-08-07,Oklahoma,"6'1""",223,https://a.espncdn.com/i/headshots/nfl/players/full/4040715.png,2024,regular_season,15,4.766666667,630,150,35,14,0,0,0,0,0,0,361,18,2903,5,248,7.813333333,65.32,102.2666667,0,0,0,0,0,9,5,2,0,0,0,0,0,0,0,0,325.12,325.12,325.12
Kenny Pickett,QB,PHI,1998-06-06,Pittsburgh,"6'3""",220,https://a.espncdn.com/i/headshots/nfl/players/full/4240703.png,2024,regular_season,5,1.06,15,9,8,1,0,0,0,0,0,0,42,2,291,1,25,3.6,38.24,57.48,0,0,0,0,0,1,0,0,0,0,0,0,0,0,0,0,26.14,26.14,26.14
Saquon Barkley,RB,PHI,1997-02-09,Penn State,"6'0""",233,https://a.espncdn.com/i/headshots/nfl/players/full/3929630.png,2024,regular_season,16,5.9125,2005,345,72,13,33,2,43,43,278,7.54375,0,0,0,0,0,0,0,0,0,0,0,0,0,2,1,2,0,0,0,0,0,0,0,0,323.3,339.8,356.3
Kenneth Gainwell,RB,PHI,1999-03-14,Memphis,"5'9""",200,https://a.espncdn.com/i/headshots/nfl/players/full/4371733.png,2024,regular_season,17,3.682352941,290,75,20,1,16,0,16,22,116,4.429411765,0,0,0,0,0,0,0,0,0,0,0,0,0,0,0,0,0,0,0,0,0,0,0,0,46.6,54.6,62.6
Grant Calcaterra,TE,PHI,1998-12-04,SMU,"6'4""",240,https://a.espncdn.com/i/headshots/nfl/players/full/4241374.png,2024,regular_season,17,0,0,0,0,0,24,1,34,30,298,9.405882353,0,0,0,0,0,0,0,0,0,0,0,0,0,0,0,1,0,0,0,0,0,0,0,0,35.8,47.8,59.8
Dallas Goedert,TE,PHI,1995-01-03,South Dakota State,"6'5""",256,https://a.espncdn.com/i/headshots/nfl/players/full/3121023.png,2024,regular_season,10,0,0,0,0,0,42,2,61,52,496,10.14,0,0,0,0,0,0,0,0,0,0,0,0,0,2,0,0,0,0,0,0,0,0,0,0,61.6,82.6,103.6
A.J. Brown,WR,PHI,1997-06-30,Ole Miss,"6'1""",226,https://a.espncdn.com/i/headshots/nfl/players/full/4047646.png,2024,regular_season,13,0,0,0,0,0,67,7,67,97,1079,16.2,0,0,0,0,0,0,0,0,0,0,0,0,0,1,0,0,0,0,0,0,0,0,0,0,149.9,183.4,216.9
DeVonta Smith,WR,PHI,1998-11-14,Alabama,"6'0""",170,https://a.espncdn.com/i/headshots/nfl/players/full/4241478.png,2024,regular_season,13,0.07692307692,1,1,1,0,68,8,49,89,833,11.65384615,0,0,0,0,0,0,0,0,0,0,0,0,0,0,0,1,0,0,0,0,0,0,0,0,131.4,165.4,199.4
Jahan Dotson,WR,PHI,2000-03-22,Penn State,"5'11""",184,https://a.espncdn.com/i/headshots/nfl/players/full/4361409.png,2024,regular_season,17,1.117647059,19,2,13,0,19,0,36,33,216,7.405882353,0,0,0,0,0,0,0,0,0,0,0,0,0,0,0,0,0,0,0,0,0,0,0,0,23.5,33,42.5
Pittsburgh Steelers,DEF,PIT,1920-09-17,,,0,https://a.espncdn.com/combiner/i?img=/i/teamlogos/nfl/500/pit.png,2024,regular_season,17,0,0,0,0,0,0,0,0,0,0,0,0,0,0,0,0,0,0,0,0,0,0,0,0,0,0,0,2,17,28,40,20.41176471,98.70588235,228,326.7058824,0,0,0
Chris Boswell,K,PIT,1991-03-16,Rice,"6'2""",185,https://a.espncdn.com/i/headshots/nfl/players/full/17372.png,2024,regular_season,17,0,0,0,0,0,0,0,0,0,0,0,0,0,0,0,0,0,0,0,41,44,35,35,57,0,0,0,0,0,0,0,0,0,0,0,155,155,155
Justin Fields,QB,PIT,1999-03-05,Ohio State,"6'3""",227,https://a.espncdn.com/i/headshots/nfl/players/full/4362887.png,2024,regular_season,10,5.61,289,62,30,5,0,0,0,0,0,0,161,5,1106,1,106,4.05,32.22,59.8,0,0,0,0,0,6,1,3,0,0,0,0,0,0,0,0,121.14,121.14,121.14
Russell Wilson,QB,PIT,1988-11-29,Wisconsin,"5'11""",206,https://a.espncdn.com/i/headshots/nfl/players/full/14881.png,2024,regular_season,11,3.363636364,155,43,19,2,0,0,0,0,0,0,336,16,2482,5,214,7.363636364,50.19090909,96.4,0,0,0,0,0,5,4,2,0,0,0,0,0,0,0,0,181.78,181.78,181.78
Najee Harris,RB,PIT,1998-03-09,Alabama,"6'1""",242,https://a.espncdn.com/i/headshots/nfl/players/full/4241457.png,2024,regular_season,17,3.929411765,1043,263,36,6,36,0,32,48,283,6.170588235,0,0,0,0,0,0,0,0,0,0,0,0,0,0,0,0,0,0,0,0,0,0,0,0,168.6,186.6,204.6
Jaylen Warren,RB,PIT,1998-11-01,Oklahoma State,"5'8""",215,https://a.espncdn.com/i/headshots/nfl/players/full/4569987.png,2024,regular_season,15,3.9,511,120,22,1,38,0,29,47,310,6.906666667,0,0,0,0,0,0,0,0,0,0,0,0,0,2,1,3,0,0,0,0,0,0,0,0,87.1,106.1,125.1
Darnell Washington,TE,PIT,2001-08-17,Georgia,"6'7""",264,https://a.espncdn.com/i/headshots/nfl/players/full/4430802.png,2024,regular_season,17,0,0,0,0,0,19,1,29,25,200,7.482352941,0,0,0,0,0,0,0,0,0,0,0,0,0,0,0,0,0,0,0,0,0,0,0,0,26,35.5,45
Pat Freiermuth,TE,PIT,1998-10-25,Penn State,"6'5""",258,https://a.espncdn.com/i/headshots/nfl/players/full/4361411.png,2024,regular_season,17,0,0,0,0,0,65,7,30,78,653,10.18823529,0,0,0,0,0,0,0,0,0,0,0,0,0,3,2,1,0,0,0,0,0,0,0,0,105.3,137.8,170.3
Ben Skowronek,WR,PIT,1997-06-27,Notre Dame,"6'3""",224,https://a.espncdn.com/i/headshots/nfl/players/full/4035656.png,2024,regular_season,10,0,0,0,0,0,5,0,23,6,69,5.65,0,0,0,0,0,0,0,0,0,0,0,0,0,0,0,2,0,0,0,0,0,0,0,0,6.9,9.4,11.9
George Pickens,WR,PIT,2001-03-04,Georgia,"6'3""",200,https://a.espncdn.com/i/headshots/nfl/players/full/4426354.png,2024,regular_season,14,-0.4285714286,-6,2,4,0,59,3,44,103,900,14.71428571,0,0,0,0,0,0,0,0,0,0,0,0,0,1,1,0,0,0,0,0,0,0,0,0,106.4,135.9,165.4
Mike Williams,WR,PIT,1994-10-04,Clemson,"6'3""",220,https://a.espncdn.com/i/headshots/nfl/players/full/3045138.png,2024,regular_season,18,0,0,0,0,0,21,1,32,34,298,9.588888889,0,0,0,0,0,0,0,0,0,0,0,0,0,0,0,0,0,0,0,0,0,0,0,0,35.8,46.3,56.8
Calvin Austin III,WR,PIT,1999-03-24,Memphis,"5'9""",162,https://a.espncdn.com/i/headshots/nfl/players/full/4243389.png,2024,regular_season,17,0,0,0,0,0,36,4,55,58,548,13.08235294,0,0,0,0,0,0,0,0,0,0,0,0,0,1,1,0,0,0,0,0,0,0,0,0,83.8,101.8,119.8
Scotty Miller,WR,PIT,1997-07-31,Bowling Green,"5'9""",174,https://a.espncdn.com/i/headshots/nfl/players/full/3914397.png,2024,regular_season,13,0,0,0,0,0,5,0,21,9,69,2.169230769,0,0,0,0,0,0,0,0,0,0,0,0,0,0,0,0,0,0,0,0,0,0,0,0,6.9,9.4,11.9
Van Jefferson,WR,PIT,1996-07-26,Florida,"6'1""",200,https://a.espncdn.com/i/headshots/nfl/players/full/3930066.png,2024,regular_season,17,0,0,0,0,0,24,2,43,40,276,8.364705882,0,0,0,0,0,0,0,0,0,0,0,0,0,0,0,0,0,0,0,0,0,0,0,0,39.6,51.6,63.6
Tampa Bay Buccaneers,DEF,TB,1920-09-17,,,0,https://a.espncdn.com/combiner/i?img=/i/teamlogos/nfl/500/tb.png,2024,regular_season,17,0,0,0,0,0,0,0,0,0,0,0,0,0,0,0,0,0,0,0,0,0,0,0,0,0,0,0,1,7,26,44,22.64705882,94.05882353,230.5294118,324.5882353,0,0,0
Chase McLaughlin,K,TB,1996-04-09,Illinois,"6'0""",190,https://a.espncdn.com/i/headshots/nfl/players/full/3150744.png,2024,regular_season,17,0,0,0,0,0,0,0,0,0,0,0,0,0,0,0,0,0,0,0,30,32,54,56,56,0,0,0,0,0,0,0,0,0,0,0,140,140,140
Baker Mayfield,QB,TB,1995-04-14,Oklahoma,"6'1""",215,https://a.espncdn.com/i/headshots/nfl/players/full/3052587.png,2024,regular_season,17,5.835294118,378,61,28,3,0,0,0,0,0,0,570,41,4500,16,407,8.017647059,58.4625,105.9,0,0,0,0,0,13,2,8,0,0,0,0,0,0,0,0,383.8,383.8,383.8
Bucky Irving,RB,TB,2002-08-19,Oregon,"5'10""",195,https://a.espncdn.com/i/headshots/nfl/players/full/4596448.png,2024,regular_season,17,5.094117647,1122,207,56,8,47,0,42,52,392,7.464705882,0,0,0,0,0,0,0,0,0,0,0,0,0,2,1,2,0,0,0,0,0,0,0,0,198.4,221.9,245.4
Sean Tucker,RB,TB,2001-10-25,Syracuse,"5'10""",205,https://a.espncdn.com/i/headshots/nfl/players/full/4430871.png,2024,regular_season,17,3.5,308,50,36,2,9,1,36,12,109,4.217647059,0,0,0,0,0,0,0,0,0,0,0,0,0,1,0,0,0,0,0,0,0,0,0,0,59.7,64.2,68.7
Rachaad White,RB,TB,1999-01-12,Arizona State,"6'0""",214,https://a.espncdn.com/i/headshots/nfl/players/full/4697815.png,2024,regular_season,15,4.326666667,613,144,56,3,51,6,32,57,393,7.26,0,0,0,0,0,0,0,0,0,0,0,0,0,3,3,0,0,0,0,0,0,0,0,0,151.6,177.1,202.6
Cade Otton,TE,TB,1999-04-15,Washington,"6'5""",247,https://a.espncdn.com/i/headshots/nfl/players/full/4243331.png,2024,regular_season,14,-0.2857142857,-4,1,0,0,59,4,44,87,600,10.78571429,0,0,0,0,0,0,0,0,0,0,0,0,0,2,1,2,0,0,0,0,0,0,0,0,82.6,112.1,141.6
Payne Durham,TE,TB,2000-06-15,Purdue,"6'5""",255,https://a.espncdn.com/i/headshots/nfl/players/full/4372505.png,2024,regular_season,16,0,0,0,0,0,11,2,31,14,115,4.1125,0,0,0,0,0,0,0,0,0,0,0,0,0,1,0,0,0,0,0,0,0,0,0,0,23.5,29,34.5
Devin Culp,TE,TB,2000-02-02,Washington,"6'4""",237,https://a.espncdn.com/i/headshots/nfl/players/full/4361112.png,2024,regular_season,5,0,0,0,0,0,5,0,26,6,88,7.06,0,0,0,0,0,0,0,0,0,0,0,0,0,0,0,0,0,0,0,0,0,0,0,0,8.8,11.3,13.8
Sterling Shepard,WR,TB,1993-02-10,Oklahoma,"5'10""",194,https://a.espncdn.com/i/headshots/nfl/players/full/2976592.png,2024,regular_season,14,2.521428571,69,8,24,0,32,1,30,51,334,10.37142857,0,0,0,0,0,0,0,0,0,0,0,0,0,0,0,0,0,0,0,0,0,0,0,0,48.3,64.3,80.3
Mike Evans,WR,TB,1993-08-21,Texas A&M,"6'5""",231,https://a.espncdn.com/i/headshots/nfl/players/full/16737.png,2024,regular_season,14,0,0,0,0,0,74,11,57,110,1004,14.29285714,0,0,0,0,0,0,0,0,0,0,0,0,0,0,0,1,0,0,0,0,0,0,0,0,166.4,203.4,240.4
Jalen McMillan,WR,TB,2001-12-07,Washington,"6'1""",192,https://a.espncdn.com/i/headshots/nfl/players/full/4430834.png,2024,regular_season,13,3.307692308,43,4,17,0,37,8,33,58,461,12.5,0,0,0,0,0,0,0,0,0,0,0,0,0,0,0,0,0,0,0,0,0,0,0,0,98.4,116.9,135.4
Trey Palmer,WR,TB,2001-04-02,Nebraska,"6'1""",190,https://a.espncdn.com/i/headshots/nfl/players/full/4426407.png,2024,regular_season,15,0,0,0,0,0,12,1,27,22,172,7.213333333,0,0,0,0,0,0,0,0,0,0,0,0,0,1,0,1,0,0,0,0,0,0,0,0,23.2,29.2,35.2
Washington Commanders,DEF,WAS,1920-09-17,,,0,https://a.espncdn.com/combiner/i?img=/i/teamlogos/nfl/500/wsh.png,2024,regular_season,17,0,0,0,0,0,0,0,0,0,0,0,0,0,0,0,0,0,0,0,0,0,0,0,0,0,0,0,1,7,21,41,23,128.6470588,176.0588235,304.7058824,0,0,0
Zane Gonzalez,K,WAS,1995-05-07,Arizona State,"6'0""",202,https://a.espncdn.com/i/headshots/nfl/players/full/3043234.png,2024,regular_season,6,0,0,0,0,0,0,0,0,0,0,0,0,0,0,0,0,0,0,0,5,7,19,19,48,0,0,0,0,0,0,0,0,0,0,0,32,32,32
Jayden Daniels,QB,WAS,2000-12-18,LSU,"6'4""",210,https://a.espncdn.com/i/headshots/nfl/players/full/4426348.png,2024,regular_season,17,6.252941176,891,148,46,6,0,0,0,0,0,0,480,25,3568,9,331,7.176470588,68.83125,96.96470588,0,0,0,0,0,5,0,0,0,0,0,0,0,0,0,0,364.82,364.82,364.82
Brian Robinson Jr.,RB,WAS,1999-03-22,Alabama,"6'1""",228,https://a.espncdn.com/i/headshots/nfl/players/full/4241474.png,2024,regular_season,14,3.971428571,799,187,40,8,20,0,32,25,159,6.471428571,0,0,0,0,0,0,0,0,0,0,0,0,0,2,2,0,0,0,0,0,0,0,0,0,141.8,151.8,161.8
Austin Ekeler,RB,WAS,1995-05-17,Western Colorado,"5'9""",200,https://a.espncdn.com/i/headshots/nfl/players/full/3068267.png,2024,regular_season,12,5.316666667,367,77,50,4,35,0,34,41,366,9.483333333,0,0,0,0,0,0,0,0,0,0,0,0,0,3,0,0,0,0,0,0,0,0,0,0,97.3,114.8,132.3
Jeremy McNichols,RB,WAS,1995-12-26,Boise State,"5'9""",214,https://a.espncdn.com/i/headshots/nfl/players/full/3127586.png,2024,regular_season,16,3.275,261,55,28,4,9,0,10,12,27,0.83125,0,0,0,0,0,0,0,0,0,0,0,0,0,0,0,2,0,0,0,0,0,0,0,0,54.8,59.3,63.8
Zach Ertz,TE,WAS,1990-11-10,Stanford,"6'5""",250,https://a.espncdn.com/i/headshots/nfl/players/full/15835.png,2024,regular_season,17,0,0,0,0,0,66,7,37,91,654,9.8,0,0,0,0,0,0,0,0,0,0,0,0,0,1,0,0,0,0,0,0,0,0,0,0,111.4,144.4,177.4
Ben Sinnott,TE,WAS,2002-06-14,Kansas State,"6'4""",247,https://a.espncdn.com/i/headshots/nfl/players/full/4690923.png,2024,regular_season,17,0,0,0,0,0,5,1,12,5,28,1.470588235,0,0,0,0,0,0,0,0,0,0,0,0,0,0,0,0,0,0,0,0,0,0,0,0,8.8,11.3,13.8
Luke McCaffrey,WR,WAS,2001-04-02,Rice,"6'2""",198,https://a.espncdn.com/i/headshots/nfl/players/full/4426948.png,2024,regular_season,16,0,0,0,0,0,18,0,30,24,168,6.71875,0,0,0,0,0,0,0,0,0,0,0,0,0,0,0,0,0,0,0,0,0,0,0,0,16.8,25.8,34.8
Dyami Brown,WR,WAS,1999-11-01,North Carolina,"6'0""",195,https://a.espncdn.com/i/headshots/nfl/players/full/4361577.png,2024,regular_season,16,1.625,26,3,14,0,30,1,51,40,308,9.975,1,0,0,0,0,0,0,2.475,0,0,0,0,0,1,1,0,0,0,0,0,0,0,0,0,38.4,53.4,68.4
Olamide Zaccheaus,WR,WAS,1997-07-23,Virginia,"5'8""",193,https://a.espncdn.com/i/headshots/nfl/players/full/3917914.png,2024,regular_season,17,0.4705882353,8,1,8,0,45,3,49,64,506,10.22352941,0,0,0,0,0,0,0,0,0,0,0,0,0,3,1,2,0,0,0,0,0,0,0,0,68.4,90.9,113.4
Terry McLaurin,WR,WAS,1995-09-15,Ohio State,"6'0""",210,https://a.espncdn.com/i/headshots/nfl/players/full/3121422.png,2024,regular_season,17,0.1176470588,2,2,2,0,82,13,86,117,1096,13.5,0,0,0,0,0,0,0,0,0,0,0,0,0,1,1,1,0,0,0,0,0,0,0,0,186.8,227.8,268.8
Noah Brown,WR,WAS,1996-01-06,Ohio State,"6'2""",225,https://a.espncdn.com/i/headshots/nfl/players/full/3121409.png,2024,regular_season,11,0,0,0,0,0,35,1,52,56,453,12.7,0,0,0,0,0,0,0,0,0,0,0,0,0,0,0,0,0,0,0,0,0,0,0,0,51.3,68.8,86.3